{
    "record": "mirror",
    "internalName": "mirror",
    "entityClass": "",
    "position": {
        "x": -51.99169921875,
        "y": 1.7300410270690918,
        "z": 9.39616870880127
    },
    "rotation": {
        "x": 0,
        "y": 0,
        "z": -0.7071070075035095,
        "w": 0.7071070075035095
    },
    "parameters": []
}