{
    "record": "dead_staff",
    "internalName": "dead_staff",
    "entityClass": "",
    "position": {
        "x": -13.968828201293945,
        "y": -0.07813999801874161,
        "z": 33.75452423095703
    },
    "rotation": {
        "x": 0,
        "y": 0,
        "z": 0.7071070075035095,
        "w": 0.7071070075035095
    },
    "parameters": []
}