{
    "record": "dead_gore",
    "internalName": "dead_gore",
    "entityClass": "",
    "position": {
        "x": -10.502045631408691,
        "y": -0.09056799858808517,
        "z": 14.899811744689941
    },
    "rotation": {
        "x": 0,
        "y": 0,
        "z": 0.766044020652771,
        "w": 0.6427879929542542
    },
    "parameters": []
}