{
    "record": "EmptyLight01",
    "internalName": "EmptyLight04",
    "entityClass": "",
    "position": {
        "x": 27.441190719604492,
        "y": 21.534931182861328,
        "z": 11.814868927001953
    },
    "rotation": {
        "x": 0,
        "y": 0,
        "z": 0,
        "w": 1
    },
    "parameters": []
}