{
    "record": "EmptyLight01",
    "internalName": "EmptyLight07",
    "entityClass": "",
    "position": {
        "x": -32.206661224365234,
        "y": 25.224964141845703,
        "z": 34.21620178222656
    },
    "rotation": {
        "x": 0,
        "y": 0,
        "z": 0,
        "w": 1
    },
    "parameters": []
}