{
    "record": "PFX",
    "internalName": "PFXCorpseBlood2",
    "entityClass": "",
    "position": {
        "x": -10.579378128051758,
        "y": 0.09934200346469879,
        "z": 14.985039710998535
    },
    "rotation": {
        "x": 0.043577998876571655,
        "y": 0.043577998876571655,
        "z": -0.0019030000548809767,
        "w": 0.9980970025062561
    },
    "parameters": []
}