{
    "record": "SLockerC_(O)",
    "internalName": "SLockerC_(O)",
    "entityClass": "",
    "position": {
        "x": -6.456347942352295,
        "y": 18.221792221069336,
        "z": 26.98491859436035
    },
    "rotation": {
        "x": 0,
        "y": 0,
        "z": -0.7071070075035095,
        "w": 0.7071070075035095
    },
    "parameters": []
}