{
    "record": "SLockerC_(O)",
    "internalName": "SLockerC_(O)01",
    "entityClass": "",
    "position": {
        "x": 2.1850340366363525,
        "y": 22.72711181640625,
        "z": 41.063377380371094
    },
    "rotation": {
        "x": 0,
        "y": 0,
        "z": 0.7071070075035095,
        "w": 0.7071070075035095
    },
    "parameters": []
}