{
    "record": "SLockerC_(O)",
    "internalName": "SLockerC_(O)02",
    "entityClass": "",
    "position": {
        "x": -29.185379028320312,
        "y": 6.073124885559082,
        "z": 47.103599548339844
    },
    "rotation": {
        "x": 0,
        "y": 0,
        "z": 0.7071070075035095,
        "w": 0.7071070075035095
    },
    "parameters": []
}